Full name0;Job0;Phone number0;Domain name0;Address0
Full name1;Job1;Phone number1;Domain name1;Address1
Full name2;Job2;Phone number2;Domain name2;Address2
Full name3;Job3;Phone number3;Domain name3;Address3
Full name4;Job4;Phone number4;Domain name4;Address4
Full name5;Job5;Phone number5;Domain name5;Address5
Full name6;Job6;Phone number6;Domain name6;Address6
Full name7;Job7;Phone number7;Domain name7;Address7
Full name8;Job8;Phone number8;Domain name8;Address8
Full name9;Job9;Phone number9;Domain name9;Address9
Full name10;Job10;Phone number10;Domain name10;Address10
Full name11;Job11;Phone number11;Domain name11;Address11
Full name12;Job12;Phone number12;Domain name12;Address12
Full name13;Job13;Phone number13;Domain name13;Address13
Full name14;Job14;Phone number14;Domain name14;Address14
Full name15;Job15;Phone number15;Domain name15;Address15
Full name16;Job16;Phone number16;Domain name16;Address16
Full name17;Job17;Phone number17;Domain name17;Address17
Full name18;Job18;Phone number18;Domain name18;Address18
Full name19;Job19;Phone number19;Domain name19;Address19
Full name20;Job20;Phone number20;Domain name20;Address20
Full name21;Job21;Phone number21;Domain name21;Address21
Full name22;Job22;Phone number22;Domain name22;Address22
Full name23;Job23;Phone number23;Domain name23;Address23
Full name24;Job24;Phone number24;Domain name24;Address24
Full name25;Job25;Phone number25;Domain name25;Address25
Full name26;Job26;Phone number26;Domain name26;Address26
Full name27;Job27;Phone number27;Domain name27;Address27
Full name28;Job28;Phone number28;Domain name28;Address28
Full name29;Job29;Phone number29;Domain name29;Address29
Full name30;Job30;Phone number30;Domain name30;Address30
Full name31;Job31;Phone number31;Domain name31;Address31
Full name32;Job32;Phone number32;Domain name32;Address32
Full name33;Job33;Phone number33;Domain name33;Address33
Full name34;Job34;Phone number34;Domain name34;Address34
Full name35;Job35;Phone number35;Domain name35;Address35
Full name36;Job36;Phone number36;Domain name36;Address36
Full name37;Job37;Phone number37;Domain name37;Address37
Full name38;Job38;Phone number38;Domain name38;Address38
Full name39;Job39;Phone number39;Domain name39;Address39
Full name40;Job40;Phone number40;Domain name40;Address40
Full name41;Job41;Phone number41;Domain name41;Address41
Full name42;Job42;Phone number42;Domain name42;Address42
Full name43;Job43;Phone number43;Domain name43;Address43
Full name44;Job44;Phone number44;Domain name44;Address44
Full name45;Job45;Phone number45;Domain name45;Address45
Full name46;Job46;Phone number46;Domain name46;Address46
Full name47;Job47;Phone number47;Domain name47;Address47
Full name48;Job48;Phone number48;Domain name48;Address48
Full name49;Job49;Phone number49;Domain name49;Address49
Full name50;Job50;Phone number50;Domain name50;Address50
