wssadsds;sdsdsd;aasasa;snjnsdsd
Full name0;Job0;Job0;Domain name0
Full name1;Job1;Job1;Domain name1
Full name2;Job2;Job2;Domain name2
Full name3;Job3;Job3;Domain name3
Full name4;Job4;Job4;Domain name4
Full name5;Job5;Job5;Domain name5
Full name6;Job6;Job6;Domain name6
Full name7;Job7;Job7;Domain name7
Full name8;Job8;Job8;Domain name8
Full name9;Job9;Job9;Domain name9
Full name10;Job10;Job10;Domain name10
Full name11;Job11;Job11;Domain name11
Full name12;Job12;Job12;Domain name12
Full name13;Job13;Job13;Domain name13
Full name14;Job14;Job14;Domain name14
Full name15;Job15;Job15;Domain name15
Full name16;Job16;Job16;Domain name16
Full name17;Job17;Job17;Domain name17
Full name18;Job18;Job18;Domain name18
Full name19;Job19;Job19;Domain name19
Full name20;Job20;Job20;Domain name20
