ass;mskxsxx;`nzjnjanzja;skdmskmds;sdkmdksd;akmskasa
Full name0;Job0;Email0;Domain name0;Full name0;Full name0
Full name1;Job1;Email1;Domain name1;Full name1;Full name1
Full name2;Job2;Email2;Domain name2;Full name2;Full name2
Full name3;Job3;Email3;Domain name3;Full name3;Full name3
Full name4;Job4;Email4;Domain name4;Full name4;Full name4
Full name5;Job5;Email5;Domain name5;Full name5;Full name5
Full name6;Job6;Email6;Domain name6;Full name6;Full name6
Full name7;Job7;Email7;Domain name7;Full name7;Full name7
Full name8;Job8;Email8;Domain name8;Full name8;Full name8
Full name9;Job9;Email9;Domain name9;Full name9;Full name9
Full name10;Job10;Email10;Domain name10;Full name10;Full name10
Full name11;Job11;Email11;Domain name11;Full name11;Full name11
Full name12;Job12;Email12;Domain name12;Full name12;Full name12
Full name13;Job13;Email13;Domain name13;Full name13;Full name13
Full name14;Job14;Email14;Domain name14;Full name14;Full name14
Full name15;Job15;Email15;Domain name15;Full name15;Full name15
Full name16;Job16;Email16;Domain name16;Full name16;Full name16
Full name17;Job17;Email17;Domain name17;Full name17;Full name17
Full name18;Job18;Email18;Domain name18;Full name18;Full name18
Full name19;Job19;Email19;Domain name19;Full name19;Full name19
Full name20;Job20;Email20;Domain name20;Full name20;Full name20
