kskdskdksmdksk12345;skdmsmdks;column1
Full name0;Full name0;Job0
Full name1;Full name1;Job1
Full name2;Full name2;Job2
Full name3;Full name3;Job3
Full name4;Full name4;Job4
Full name5;Full name5;Job5
Full name6;Full name6;Job6
Full name7;Full name7;Job7
Full name8;Full name8;Job8
Full name9;Full name9;Job9
Full name10;Full name10;Job10
Full name11;Full name11;Job11
Full name12;Full name12;Job12
Full name13;Full name13;Job13
Full name14;Full name14;Job14
Full name15;Full name15;Job15
Full name16;Full name16;Job16
Full name17;Full name17;Job17
Full name18;Full name18;Job18
Full name19;Full name19;Job19
Full name20;Full name20;Job20
